archivo,lineas_agregadas,lineas_removidas,funciones_tocadas
core/efuse/rtw_efuse.c,2872,1064,
core/rtw_ap.c,5952,4215,
core/rtw_beamforming.c,2121,1244,
core/rtw_br_ext.c,814,913,
core/rtw_bt_mp.c,1575,1753,
core/rtw_btcoex.c,664,597,
core/rtw_cmd.c,3240,2330,
core/rtw_debug.c,5469,1705,
core/rtw_eeprom.c,96,190,
core/rtw_ieee80211.c,1337,1006,
core/rtw_io.c,390,174,
core/rtw_ioctl_query.c,3,176,
core/rtw_ioctl_set.c,460,1014,
core/rtw_iol.c,152,154,
core/rtw_mem.c,128,122,
core/rtw_mlme.c,3471,2406,
core/rtw_mlme_ext.c,8090,7576,
core/rtw_mp.c,2114,1649,
core/rtw_odm.c,472,276,
core/rtw_p2p.c,2462,3069,
core/rtw_pwrctrl.c,1419,1175,
core/rtw_recv.c,2984,3026,
core/rtw_rf.c,1827,442,
core/rtw_security.c,1831,2305,
core/rtw_sreset.c,320,369,
core/rtw_sta_mgt.c,758,413,
core/rtw_tdls.c,3486,3306,
core/rtw_vht.c,754,419,
core/rtw_wapi.c,1320,1326,
core/rtw_wapi_sms4.c,922,923,
core/rtw_wlan_util.c,3172,2523,
core/rtw_xmit.c,3703,2401,
hal/HalPwrSeqCmd.c,185,182,
hal/efuse/efuse_mask.h,181,80,
hal/efuse/rtl8192e/HalEfuseMask8192E_PCIE.c,94,101,
hal/efuse/rtl8192e/HalEfuseMask8192E_PCIE.h,34,42,
hal/efuse/rtl8192e/HalEfuseMask8192E_USB.c,98,106,
hal/efuse/rtl8192e/HalEfuseMask8192E_USB.h,30,38,
hal/hal_btcoex.c,3889,1390,
hal/hal_com.c,11382,4179,
hal/hal_com_c2h.h,98,9,
hal/hal_com_phycfg.c,4970,3166,
hal/hal_dm.c,1902,202,
hal/hal_dm.h,119,26,
hal/hal_hci/hal_usb.c,231,166,
hal/hal_intf.c,1655,466,
hal/hal_mp.c,2634,2176,
hal/hal_phy.c,91,119,
hal/led/hal_usb_led.c,4290,5183,
hal/phydm/halhwimg.h,137,123,
hal/phydm/mp_precomp.h,24,20,
hal/phydm/phydm.c,3751,2231,
hal/phydm/phydm_adaptivity.c,847,943,
hal/phydm/phydm_adaptivity.h,126,172,
hal/phydm/phydm_antdect.c,888,964,
hal/phydm/phydm_antdect.h,78,98,
hal/phydm/phydm_antdiv.c,6157,4806,
hal/phydm/phydm_antdiv.h,536,576,
hal/phydm/phydm_beamforming.h,363,365,
hal/phydm/phydm_cfotracking.c,618,347,
hal/phydm/phydm_cfotracking.h,74,68,
hal/phydm/phydm_debug.c,6023,2030,
hal/phydm/phydm_debug.h,484,331,
hal/phydm/phydm_dfs.c,2149,137,
hal/phydm/phydm_dfs.h,191,62,
hal/phydm/phydm_dig.c,3456,2084,
hal/phydm/phydm_dig.h,375,327,
hal/phydm/phydm_dynamictxpower.c,769,633,
hal/phydm/phydm_dynamictxpower.h,142,98,
hal/phydm/phydm_features.h,80,123,
hal/phydm/phydm_hwconfig.c,1641,3333,
hal/phydm/phydm_hwconfig.h,79,506,
hal/phydm/phydm_interface.c,1480,1014,
hal/phydm/phydm_interface.h,328,442,
hal/phydm/phydm_noisemonitor.c,467,299,
hal/phydm/phydm_noisemonitor.h,48,49,
hal/phydm/phydm_pathdiv.c,1115,2311,
hal/phydm/phydm_pathdiv.h,145,324,
hal/phydm/phydm_pre_define.h,990,615,
hal/phydm/phydm_precomp.h,627,320,
hal/phydm/phydm_rainfo.c,2396,2574,
hal/phydm/phydm_rainfo.h,323,445,
hal/phydm/phydm_reg.h,243,208,
hal/phydm/phydm_regdefine11ac.h,109,90,
hal/phydm/phydm_regdefine11n.h,220,199,
hal/phydm/phydm_types.h,413,258,
hal/phydm/rtl8192e/hal8192ereg.h,1116,1104,
hal/phydm/rtl8192e/halhwimg8192e_bb.c,1563,1425,
hal/phydm/rtl8192e/halhwimg8192e_bb.h,54,59,
hal/phydm/rtl8192e/halhwimg8192e_mac.c,285,290,
hal/phydm/rtl8192e/halhwimg8192e_mac.h,34,39,
hal/phydm/rtl8192e/halhwimg8192e_rf.c,2258,2210,
hal/phydm/rtl8192e/halhwimg8192e_rf.h,104,109,
hal/phydm/rtl8192e/phydm_regconfig8192e.c,188,233,
hal/phydm/rtl8192e/phydm_regconfig8192e.h,44,98,
hal/phydm/rtl8192e/phydm_rtl8192e.c,40,455,
hal/phydm/rtl8192e/phydm_rtl8192e.h,20,67,
hal/phydm/rtl8192e/version_rtl8192e.h,34,5,
hal/phydm/txbf/halcomtxbf.c,520,551,
hal/phydm/txbf/halcomtxbf.h,183,181,
hal/phydm/txbf/haltxbf8192e.c,384,392,
hal/phydm/txbf/haltxbf8192e.h,71,52,
hal/phydm/txbf/haltxbf8814a.c,675,653,
hal/phydm/txbf/haltxbf8814a.h,77,70,
hal/phydm/txbf/haltxbf8822b.c,1088,1099,
hal/phydm/txbf/haltxbf8822b.h,78,53,
hal/phydm/txbf/haltxbfinterface.c,1484,1384,
hal/phydm/txbf/haltxbfinterface.h,167,158,
hal/phydm/txbf/haltxbfjaguar.c,509,527,
hal/phydm/txbf/haltxbfjaguar.h,78,67,
hal/rtl8192e/Hal8192EPwrSeq.c,85,94,
hal/rtl8192e/rtl8192e_cmd.c,866,1616,
hal/rtl8192e/rtl8192e_dm.c,304,476,
hal/rtl8192e/rtl8192e_phycfg.c,1200,1307,
hal/rtl8192e/rtl8192e_rf6052.c,191,216,
hal/rtl8192e/rtl8192e_rxdesc.c,31,32,
hal/rtl8192e/rtl8192e_sreset.c,103,115,
hal/rtl8192e/rtl8192e_xmit.c,262,299,
hal/rtl8192e/usb/rtl8192eu_led.c,140,159,
hal/rtl8192e/usb/rtl8192eu_recv.c,4,10,
hal/rtl8192e/usb/rtl8192eu_xmit.c,384,447,
hal/rtl8192e/usb/usb_ops_linux.c,121,374,
include/Hal8188EPhyCfg.h,249,278,
include/Hal8188EPhyReg.h,1100,1106,
include/Hal8188EPwrSeq.h,170,176,
include/Hal8188FPhyCfg.h,59,88,
include/Hal8188FPhyReg.h,452,458,
include/Hal8188FPwrSeq.h,99,86,
include/Hal8192EPhyCfg.h,136,178,
include/Hal8192EPhyReg.h,1146,1133,
include/Hal8192EPwrSeq.h,169,155,
include/Hal8703BPhyCfg.h,116,144,
include/Hal8703BPhyReg.h,1133,1139,
include/Hal8703BPwrSeq.h,198,184,
include/Hal8723BPhyCfg.h,116,149,
include/Hal8723BPhyReg.h,1131,1137,
include/Hal8723BPwrSeq.h,246,233,
include/Hal8723PwrSeq.h,183,170,
include/Hal8812PhyCfg.h,134,165,
include/Hal8812PhyReg.h,735,739,
include/Hal8812PwrSeq.h,208,210,
include/Hal8814PhyCfg.h,236,282,
include/Hal8814PhyReg.h,863,867,
include/Hal8814PwrSeq.h,231,237,
include/HalPwrSeqCmd.h,130,138,
include/HalVerDef.h,133,128,
include/autoconf.h,125,143,
include/basic_types.h,42,70,
include/byteorder/big_endian.h,11,17,
include/byteorder/generic.h,73,79,
include/byteorder/little_endian.h,58,64,
include/byteorder/swab.h,51,56,
include/byteorder/swabb.h,42,48,
include/circ_buf.h,3,8,
include/cmd_osdep.h,6,12,
include/custom_gpio.h,14,12,
include/drv_conf.h,617,59,
include/drv_types.h,1094,403,
include/drv_types_ce.h,29,36,
include/drv_types_gspi.h,49,56,
include/drv_types_linux.h,3,9,
include/drv_types_pci.h,60,273,
include/drv_types_sdio.h,94,81,
include/drv_types_xp.h,38,45,
include/ethernet.h,19,25,
include/gspi_hal.h,5,11,
include/gspi_ops.h,91,96,
include/gspi_ops_linux.h,2,8,
include/gspi_osintf.h,2,14,
include/h2clbk.h,4,10,
include/hal_btcoex.h,32,22,
include/hal_com.h,515,275,
include/hal_com_h2c.h,430,108,
include/hal_com_led.h,241,202,
include/hal_com_phycfg.h,276,204,
include/hal_com_reg.h,994,885,
include/hal_data.h,541,332,
include/hal_gspi.h,4,10,
include/hal_ic_cfg.h,543,33,
include/hal_intf.h,428,217,
include/hal_pg.h,954,650,
include/hal_phy.h,100,113,
include/hal_phy_reg.h,254,15,
include/hal_sdio.h,62,10,
include/ieee80211.h,686,433,
include/ieee80211_ext.h,301,466,
include/if_ether.h,26,33,
include/ip.h,30,36,
include/linux/wireless.h,21,31,
include/mlme_osdep.h,8,20,
include/nic_spec.h,4,10,
include/osdep_intf.h,34,67,
include/osdep_service.h,328,135,
include/osdep_service_bsd.h,757,749,
include/osdep_service_ce.h,189,181,
include/osdep_service_linux.h,570,425,
include/osdep_service_xp.h,210,202,
include/pci_hal.h,29,15,
include/pci_ops.h,84,46,
include/pci_osintf.h,48,11,
include/recv_osdep.h,26,21,
include/rtl8188e_cmd.h,87,104,
include/rtl8188e_dm.h,8,14,
include/rtl8188e_hal.h,316,335,
include/rtl8188e_led.h,37,41,
include/rtl8188e_recv.h,156,175,
include/rtl8188e_rf.h,9,15,
include/rtl8188e_spec.h,159,165,
include/rtl8188e_sreset.h,5,11,
include/rtl8188e_xmit.h,293,299,
include/rtl8188f_cmd.h,65,80,
include/rtl8188f_dm.h,15,24,
include/rtl8188f_hal.h,82,143,
include/rtl8188f_led.h,7,11,
include/rtl8188f_recv.h,19,27,
include/rtl8188f_rf.h,6,12,
include/rtl8188f_spec.h,187,215,
include/rtl8188f_sreset.h,2,8,
include/rtl8188f_xmit.h,106,108,
include/rtl8192e_cmd.h,40,71,
include/rtl8192e_dm.h,8,14,
include/rtl8192e_hal.h,330,350,
include/rtl8192e_led.h,36,41,
include/rtl8192e_recv.h,175,178,
include/rtl8192e_rf.h,7,13,
include/rtl8192e_spec.h,313,328,
include/rtl8192e_sreset.h,7,13,
include/rtl8192e_xmit.h,448,451,
include/rtl8703b_cmd.h,73,88,
include/rtl8703b_dm.h,15,24,
include/rtl8703b_hal.h,266,325,
include/rtl8703b_led.h,44,49,
include/rtl8703b_recv.h,82,92,
include/rtl8703b_rf.h,6,12,
include/rtl8703b_spec.h,464,480,
include/rtl8703b_sreset.h,4,10,
include/rtl8703b_xmit.h,333,336,
include/rtl8723b_cmd.h,73,88,
include/rtl8723b_dm.h,15,25,
include/rtl8723b_hal.h,274,326,
include/rtl8723b_led.h,44,49,
include/rtl8723b_recv.h,82,92,
include/rtl8723b_rf.h,6,12,
include/rtl8723b_spec.h,280,296,
include/rtl8723b_sreset.h,4,10,
include/rtl8723b_xmit.h,333,336,
include/rtl8812a_cmd.h,42,64,
include/rtl8812a_dm.h,8,14,
include/rtl8812a_hal.h,369,372,
include/rtl8812a_led.h,41,42,
include/rtl8812a_recv.h,149,162,
include/rtl8812a_rf.h,7,13,
include/rtl8812a_spec.h,263,276,
include/rtl8812a_sreset.h,3,9,
include/rtl8812a_xmit.h,365,365,
include/rtl8814a_cmd.h,53,47,
include/rtl8814a_dm.h,6,12,
include/rtl8814a_hal.h,329,340,
include/rtl8814a_led.h,36,41,
include/rtl8814a_recv.h,182,188,
include/rtl8814a_rf.h,7,13,
include/rtl8814a_spec.h,653,643,
include/rtl8814a_sreset.h,5,11,
include/rtl8814a_xmit.h,309,309,
include/rtl8821a_spec.h,90,108,
include/rtl8821a_xmit.h,173,180,
include/rtw_android.h,38,34,
include/rtw_ap.h,143,80,
include/rtw_beamforming.h,297,150,
include/rtw_br_ext.h,18,25,
include/rtw_bt_mp.h,288,295,
include/rtw_btcoex.h,213,182,
include/rtw_byteorder.h,11,17,
include/rtw_cmd.h,382,933,
include/rtw_debug.h,458,292,
include/rtw_eeprom.h,34,41,
include/rtw_efuse.h,114,57,
include/rtw_event.h,18,62,
include/rtw_ht.h,59,63,
include/rtw_io.h,141,193,
include/rtw_ioctl.h,12,294,
include/rtw_ioctl_query.h,3,17,
include/rtw_ioctl_set.h,14,50,
include/rtw_iol.h,131,137,
include/rtw_mem.h,41,42,
include/rtw_mlme.h,581,442,
include/rtw_mlme_ext.h,588,629,
include/rtw_mp.h,354,406,
include/rtw_mp_phy_regdef.h,597,603,
include/rtw_odm.h,69,26,
include/rtw_p2p.h,30,42,
include/rtw_pwrctrl.h,283,172,
include/rtw_qos.h,44,13,
include/rtw_recv.h,341,382,
include/rtw_rf.h,183,148,
include/rtw_security.h,226,295,
include/rtw_sreset.h,24,19,
include/rtw_tdls.h,185,175,
include/rtw_version.h,2,2,
include/rtw_vht.h,80,39,
include/rtw_wapi.h,230,222,
include/rtw_xmit.h,518,289,
include/sdio_hal.h,15,14,
include/sdio_ops.h,103,37,
include/sdio_ops_ce.h,38,44,
include/sdio_ops_linux.h,22,16,
include/sdio_ops_xp.h,8,14,
include/sdio_osintf.h,3,20,
include/sta_info.h,373,202,
include/usb_hal.h,28,18,
include/usb_ops.h,56,49,
include/usb_ops_linux.h,30,20,
include/usb_osintf.h,5,11,
include/usb_vendor_req.h,11,15,
include/wifi.h,399,441,
include/wlan_bssdef.h,203,624,
include/xmit_osdep.h,23,22,
os_dep/linux/custom_gpio_linux.c,114,130,
os_dep/linux/ioctl_cfg80211.c,10927,6905,
os_dep/linux/ioctl_cfg80211.h,450,212,
os_dep/linux/ioctl_linux.c,6729,7805,
os_dep/linux/ioctl_mp.c,1860,818,
os_dep/linux/mlme_linux.c,169,339,
os_dep/linux/os_intfs.c,3131,1980,
os_dep/linux/recv_linux.c,357,484,
os_dep/linux/rtw_android.c,381,328,
os_dep/linux/rtw_cfgvendor.c,1183,351,
os_dep/linux/rtw_cfgvendor.h,520,128,
os_dep/linux/rtw_proc.c,4276,529,
os_dep/linux/rtw_proc.h,35,15,
os_dep/linux/usb_intf.c,651,874,
os_dep/linux/usb_ops_linux.c,1164,1200,
os_dep/linux/wifi_regd.c,65,485,
os_dep/linux/xmit_linux.c,281,277,
os_dep/osdep_service.c,1458,735,
platform/custom_country_chplan.h,22,29,
platform/platform_ARM_SUN50IW1P1_sdio.c,84,89,
platform/platform_ARM_SUNnI_sdio.c,130,135,
platform/platform_ARM_SUNxI_sdio.c,90,95,
platform/platform_ARM_SUNxI_usb.c,136,142,
platform/platform_ARM_WMT_sdio.c,46,51,
platform/platform_RTK_DMP_usb.c,30,36,
platform/platform_arm_act_sdio.c,2,7,
platform/platform_ops.c,37,37,
platform/platform_ops.h,26,31,
platform/platform_sprd_sdio.c,90,89,
